{
    "variants": {
        "couldown=0": { "model": "mo_swords:meteor_0" },
        "couldown=1": { "model": "mo_swords:meteor_1" },
        "couldown=2": { "model": "mo_swords:meteor_2" },
        "couldown=3": { "model": "mo_swords:meteor_3" },
        "couldown=4": { "model": "mo_swords:meteor_4" },
        "couldown=5": { "model": "mo_swords:meteor_5" },
        "couldown=6": { "model": "mo_swords:meteor_6" },
        "couldown=7": { "model": "mo_swords:meteor_7" },
        "couldown=8": { "model": "mo_swords:meteor_8" },
        "couldown=9": { "model": "mo_swords:meteor_9" },
        "couldown=10": { "model": "mo_swords:meteor_10" },
        "couldown=11": { "model": "mo_swords:meteor_11" },
        "couldown=12": { "model": "mo_swords:meteor_12" },
        "couldown=13": { "model": "mo_swords:meteor_13" },
        "couldown=14": { "model": "mo_swords:meteor_14" },
        "couldown=15": { "model": "mo_swords:meteor_15" }
    }
}
