{
"parent": "item/generated",
"display": {
    "thirdperson_righthand": {
        "rotation": [ 0, -90, 55 ],
        "translation": [ 0, 4.0, 0.5 ],
        "scale": [ 10000, 10000, 10000 ]
    },
    "thirdperson_lefthand": {
        "rotation": [ 0, 90, -55 ],
        "translation": [ 0, 4.0, 0.5 ],
        "scale": [ 10000, 10000, 10000 ]
    },
    "firstperson_righthand": {
        "rotation": [ 0, -90, 25 ],
        "translation": [ 1.13, 3.2, 1.13 ],
        "scale": [ 10000, 10000, 10000 ]
    },
    "firstperson_lefthand": {
        "rotation": [ 0, 90, -25 ],
        "translation": [ 1.13, 3.2, 1.13 ],
        "scale": [ 10000, 10000, 10000 ]
    }
},
"textures": {
    "layer0": "mo_swords:items/sword_ender"
}
}