{
    "textures": {
        "all": "team:blocks/Block0",
        "particle": "team:blocks/Block0"
    },
    "elements": [
		{   "from": [ 7.5, 0, 7.5 ],
            "to": [ 8.5, 3, 8.5 ],
            "faces": {
                "down":  { "texture": "#all"},
                "up":    { "texture": "#all"},
                "north": { "texture": "#all"},
                "south": { "texture": "#all"},
                "west":  { "texture": "#all"},
                "east":  { "texture": "#all"}
            }
        },
		{   "from": [ 7, 3, 7 ],
            "to": [ 9, 4, 9 ],
            "faces": {
                "down":  { "texture": "#all"},
                "up":    { "texture": "#all"},
                "north": { "texture": "#all"},
                "south": { "texture": "#all"},
                "west":  { "texture": "#all"},
                "east":  { "texture": "#all"}
            }
        },
        {   "from": [ 7.9, 4, 7.5 ],
            "to": [ 8.5, 16, 8.1 ],
            "faces": {
                "down":  { "texture": "#all"},
                "up":    { "texture": "#all"},
                "north": { "texture": "#all"},
                "south": { "texture": "#all"},
                "west":  { "texture": "#all"},
                "east":  { "texture": "#all"}
            }
        }
    ],
	"display": {
        "thirdperson": {
            "rotation": [ 0, 90, -35 ],
            "translation": [ 0, 1.25, -3.5 ],
            "scale": [ 0.85, 0.85, 0.85 ]
        },
        "firstperson": {
            "rotation": [ 0, -135, 25 ],
            "translation": [ 0, 4, 2 ],
            "scale": [ 1.7, 1.7, 1.7 ]
        }
    }
}
