{
    "textures": {
        "all": "team:blocks/Block0",
        "particle": "team:blocks/Block0"
    },
    "elements": [
		{   "from": [ 7.5, 0, 7.5 ],
            "to": [ 8.5, 3, 8.5 ],
            "faces": {
                "down":  { "texture": "#all"},
                "up":    { "texture": "#all"},
                "north": { "texture": "#all"},
                "south": { "texture": "#all"},
                "west":  { "texture": "#all"},
                "east":  { "texture": "#all"}
            }
        },
		{   "from": [ 7, 3, 7 ],
            "to": [ 9, 4, 9 ],
            "faces": {
                "down":  { "texture": "#all"},
                "up":    { "texture": "#all"},
                "north": { "texture": "#all"},
                "south": { "texture": "#all"},
                "west":  { "texture": "#all"},
                "east":  { "texture": "#all"}
            }
        },
        {   "from": [ 7.9, 4, 7.5 ],
            "to": [ 8.5, 16, 8.1 ],
            "faces": {
                "down":  { "texture": "#all"},
                "up":    { "texture": "#all"},
                "north": { "texture": "#all"},
                "south": { "texture": "#all"},
                "west":  { "texture": "#all"},
                "east":  { "texture": "#all"}
            }
        }
    ],
	"display": {
        "thirdperson": {
            "rotation": [ 10, -45, 170 ],
            "translation": [ 0, 1.5, -2.75 ],
            "scale": [ 0.375, 0.375, 0.375 ]
        }
    }
}
