{
    "parent": "block/block",
    "textures": {
        "obsi":"blocks/obsidian",
        "nether": "blocks/nether_brick"
    },
    "elements": [
        {   "from": [ 0, 0, 0 ],
            "to": [ 16, 8, 16 ],
            "faces": {
                "down":  { "texture": "#obsi", "cullface": "down" },
                "up":    { "texture": "#obsi", "cullface": "up" },
                "north": { "texture": "#obsi", "cullface": "north" },
                "south": { "texture": "#obsi", "cullface": "south" },
                "west":  { "texture": "#obsi", "cullface": "west" },
                "east":  { "texture": "#obsi", "cullface": "east" }
            }
        },
        {   "from": [ 0, 8, 0 ],
            "to": [ 16, 16, 16 ],
            "faces": {
                "down":  { "texture": "#nether", "cullface": "down" },
                "up":    { "texture": "#nether", "cullface": "up" },
                "north": { "texture": "#nether", "cullface": "north" },
                "south": { "texture": "#nether", "cullface": "south" },
                "west":  { "texture": "#nether", "cullface": "west" },
                "east":  { "texture": "#nether", "cullface": "east" }
            }
        },
        {   "from": [ 6, 16, 6 ],
            "to": [ 10, 17, 10 ],
            "faces": {
                "down":  { "texture": "#nether", "cullface": "down" },
                "up":    { "texture": "#nether", "cullface": "up" },
                "north": { "texture": "#nether", "cullface": "north" },
                "south": { "texture": "#nether", "cullface": "south" },
                "west":  { "texture": "#nether", "cullface": "west" },
                "east":  { "texture": "#nether", "cullface": "east" }
            }
        }
    ]
}
